Date,Bill Amount,Days in Billing Cycle,KWH Usage
2023 January,$72.15 ,34,611
2022 December,$59.35 ,29,479
2022 November ,$79.49 ,30,660
2022 October,$34.72 ,28,271
2022 September,$163.00 ,35,"1,526"
2022 August,$218.80 ,27,"1,971"
2022 July,$127.00 ,35,"1,099"
2022 June,$110.87 ,28,953
2022 May,$87.22 ,33,738
2022 April,$83.46 ,28,704
2022 March,$71.46 ,34,595
2022 February,$34.19 ,24,267
2022 January,$98.23 ,35,784
